{"cameraMode":{"drawMode":0,"name":"Shaded","section":"Shading Mode"},"sceneLighting":true,"audioPlay":false,"sceneViewState":{"m_AlwaysRefresh":false,"showFog":true,"showSkybox":true,"showFlares":true,"showImageEffects":true,"showParticleSystems":true,"showVisualEffectGraphs":true,"m_FxEnabled":true},"in2DMode":false,"pivot":{"x":9.872766494750977,"y":13.513322830200196,"z":-25.003192901611329},"rotation":{"x":0.00379297137260437,"y":0.9772492051124573,"z":-0.017594339326024057,"w":0.2113594114780426},"size":24.681432723999025,"orthographic":false}