{"cameraMode":{"drawMode":0,"name":"Shaded","section":"Shading Mode"},"sceneLighting":true,"audioPlay":false,"sceneViewState":{"m_AlwaysRefresh":false,"showFog":true,"showSkybox":true,"showFlares":true,"showImageEffects":true,"showParticleSystems":true,"showVisualEffectGraphs":true,"m_FxEnabled":true},"in2DMode":false,"pivot":{"x":3.576115608215332,"y":1.1039705276489258,"z":3.5114450454711916},"rotation":{"x":0.3788602650165558,"y":-0.09828048199415207,"z":0.040501609444618228,"w":0.9193289875984192},"size":5.432677268981934,"orthographic":false}